sport,event_id,event_time,as_of,home_team,away_team,target_home_win,label_available_at,market_home_probability,consensus_de_vig_home_probability,home_spread,consensus_total
NHL,2026020022,2026-10-03T23:00:00+00:00,2026-10-03T21:15:24.258744+00:00,Sabres,Blackhawks,1,2026-10-04T05:53:56.074411+00:00,0.6841382467383841,0.6841382467383841,,6.5
NHL,2026020023,2026-10-03T23:00:00+00:00,2026-10-03T21:15:24.258744+00:00,Maple Leafs,Senators,0,2026-10-04T05:53:56.074415+00:00,0.5151837230488916,0.5151837230488916,,
NHL,2026020024,2026-10-03T23:00:00+00:00,2026-10-03T21:15:24.258744+00:00,Lightning,Capitals,1,2026-10-04T05:53:56.074418+00:00,0.6428571428571429,0.6428571428571429,,
NHL,2026020025,2026-10-03T23:00:00+00:00,2026-10-03T21:15:24.258744+00:00,Flyers,Hurricanes,0,2026-10-04T05:53:56.074420+00:00,0.44282365199270646,0.44282365199270646,,6.0
NHL,2026020026,2026-10-03T23:00:00+00:00,2026-10-03T21:15:24.258744+00:00,Penguins,Canadiens,1,2026-10-04T05:53:56.074423+00:00,0.48481627695110846,0.48481627695110846,,6.5
NHL,2026020027,2026-10-03T23:00:00+00:00,2026-10-03T21:15:24.258744+00:00,Blue Jackets,Mammoth,0,2026-10-04T05:53:56.074426+00:00,0.4739134147382802,0.4739134147382802,,6.0
NHL,2026020028,2026-10-03T23:00:00+00:00,2026-10-03T21:15:24.258744+00:00,Oilers,Kraken,1,2026-10-04T05:53:56.074429+00:00,0.6428571428571429,0.6428571428571429,,6.5
NHL,2026020029,2026-10-03T23:30:00+00:00,2026-10-03T21:15:24.258744+00:00,Islanders,Devils,1,2026-10-04T05:53:56.074432+00:00,0.43795620437956206,0.43795620437956206,,
NHL,2026020030,2026-10-04T00:00:00+00:00,2026-10-03T23:48:22.108128+00:00,Predators,Stars,1,2026-10-04T05:53:56.074435+00:00,0.4253560419500938,0.4253560419500938,,6.0
NHL,2026020031,2026-10-04T00:00:00+00:00,2026-10-03T23:48:22.108128+00:00,Wild,Bruins,1,2026-10-04T05:53:56.074438+00:00,0.6548701654431905,0.6548701654431905,,6.0
NHL,2026020032,2026-10-04T01:00:00+00:00,2026-10-03T23:48:22.108128+00:00,Avalanche,Blues,1,2026-10-04T05:53:56.074441+00:00,0.7241379310344829,0.7241379310344829,,
NHL,2026020033,2026-10-04T02:00:00+00:00,2026-10-03T23:48:22.108128+00:00,Canucks,Flames,1,2026-10-04T05:53:56.074444+00:00,0.5151837230488916,0.5151837230488916,,6.0
NHL,2026020034,2026-10-04T02:00:00+00:00,2026-10-03T23:48:22.108128+00:00,Sharks,Kings,1,2026-10-04T05:53:56.074447+00:00,0.5108342361863488,0.5108342361863488,,6.0
NHL,2026020035,2026-10-04T17:00:00+00:00,2026-10-04T12:23:22.575389+00:00,Red Wings,Jets,0,2026-10-04T21:26:37.783328+00:00,0.5043297540699688,0.5043297540699688,,
